Donor_ID,Donor_LName,Donor_FName,Donor_Email
1,James,Marn,james.marn@gmail.com
2,Makaya,Lane,makaya.lane@gmail.com
3,Jerry,Sturn,jerry.sturn@gmail.com
4,Jenny,Lender,Jenny.lender@gmail.com
5,Larry,Jester,larry.jester@gmail.com
6,Drake,Mastif,Drake.Mastif@gmail.com
7,Jack,Farlin,Jack.Farlin@gmail.com
8,James,Peach,J.peach@gmail.com
9,Rick,James,Rick.james@gmail.com
10,Eloise,Moan,Eloise.moan@gmail.com
11,Charlie,Newst,charlie.news@gmail.com
12,Sarah,Parker,S.parker@gmail.com
13,Ellen,Mitch,Ellen.mitch@gmail.com
14,Jack,Johnson,jack.j@gmail.com
15,John,Lenn,john.lenn@gmail.com
16,Mary,Beth,m.beth@gmail.com
17,Sean,McNally,sean.mcnally@gmail.com
18,David,gollen,david.gollen@gmail.com
19,Kiki,McNally,kiki.mcnally@gmail.com
20,Amber,Ally,a.ally@gmail.com
21,Magdalena,Lander,mlander0@bing.com
22,Arnaldo,Halpen,ahalpen1@forbes.com
23,Jillian,Vel,jvel2@purevolume.com
24,Judas,Cayton,jcayton3@domainmarket.com
25,Jorrie,Gautrey,jgautrey4@surveymonkey.com
26,Teri,Gissing,tgissing5@uol.com.br
27,Teresa,Sandbatch,tsandbatch6@cargocollective.com
28,Valerye,Spearett,vspearett7@ca.gov
29,Blinny,Piele,bpiele8@howstuffworks.com
30,Joane,Lohde,jlohde9@blinklist.com
31,Morly,Donohoe,mdonohoea@house.gov
32,Gwenore,Parradye,gparradyeb@reddit.com
33,Gwenette,Aslet,gasletc@examiner.com
34,Omar,Windmill,owindmilld@bing.com
35,Brock,Neesam,bneesame@springer.com
36,Correna,Bradshaw,cbradshawf@virginia.edu
37,Lola,Colvine,lcolvineg@yolasite.com
38,Shoshanna,Duffill,sduffillh@is.gd
39,Diahann,Averill,daverilli@disqus.com
40,Fredrick,Yeates,fyeatesj@devhub.com
41,Charisse,Norquoy,cnorquoyk@timesonline.co.uk
42,Renae,Heighton,rheightonl@mashable.com
43,Chloette,McEntegart,cmcentegartm@shop-pro.jp
44,Merwin,Heningham,mheninghamn@china.com.cn
45,Lilli,Clemoes,lclemoeso@miitbeian.gov.cn
46,Daria,Buddle,dbuddlep@hp.com
47,Myrta,Sommerville,msommervilleq@nih.gov
48,Alister,Byham,abyhamr@slideshare.net
49,Bria,Mildner,bmildners@over-blog.com
50,Nyssa,Shreenan,nshreenant@mozilla.com
51,Berty,Tripon,btriponu@de.vu
52,Ashil,Artus,aartusv@msn.com
53,Tish,Doody,tdoodyw@stumbleupon.com
54,Christopher,Swatheridge,cswatheridgex@google.nl
55,Rowney,Laidlaw,rlaidlawy@nyu.edu
56,Clemmie,Akker,cakkerz@bandcamp.com
57,Camel,Daugherty,cdaugherty10@prweb.com
58,Kenon,Niessen,kniessen11@mysql.com
59,Elsi,Bindin,ebindin12@harvard.edu
60,Demetra,Dimbleby,ddimbleby13@gravatar.com
61,Merla,Archibald,marchibald14@vkontakte.ru
62,Cammi,Bediss,cbediss15@msn.com
63,Orland,Dodridge,ododridge16@imageshack.us
64,Leticia,Stiant,lstiant17@miitbeian.gov.cn
65,Angelica,Poytress,apoytress18@bloomberg.com
66,Tori,Riccioppo,triccioppo19@youku.com
67,Filide,Lyon,flyon1a@sourceforge.net
68,Em,Mc Elory,emcelory1b@skyrock.com
69,Luis,Nassie,lnassie1c@washington.edu
70,Homerus,Yter,hyter1d@unesco.org
71,Sylas,MacGillacolm,smacgillacolm1e@howstuffworks.com
72,Grenville,Cafe,gcafe1f@ox.ac.uk
73,Farlay,Stollard,fstollard1g@behance.net
74,Riki,Lapley,rlapley1h@moonfruit.com
75,Case,Outlaw,coutlaw1i@umn.edu
76,Constantin,Diddams,cdiddams1j@wired.com
77,Morley,Ancliff,mancliff1k@lycos.com
78,Pooh,Finlry,pfinlry1l@shutterfly.com
79,Valina,McIlwaine,vmcilwaine1m@hostgator.com
80,Odey,Parnaby,oparnaby1n@apache.org
81,Simeon,Danelet,sdanelet1o@upenn.edu
82,Rafael,Moxham,rmoxham1p@wiley.com
83,Ferdinande,Baptiste,fbaptiste1q@feedburner.com
84,Zelig,MacGiany,zmacgiany1r@slashdot.org
85,Janey,Broadey,jbroadey1s@example.com
86,Claiborne,Dransfield,cdransfield1t@squarespace.com
87,Kinna,Bennis,kbennis1u@histats.com
88,Libby,Eastwell,leastwell1v@cdbaby.com
89,Hunt,Hand,hhand1w@dropbox.com
90,Dalston,Vassar,dvassar1x@zimbio.com
91,Barbee,Walkden,bwalkden1y@zdnet.com
92,Onfre,Ricker,oricker1z@behance.net
93,Mallissa,Robinet,mrobinet20@vk.com
94,Clay,Cartmell,ccartmell21@washingtonpost.com
95,Mallory,Pape,mpape22@canalblog.com
96,Meridith,Bog,mbog23@usgs.gov
97,Kendal,Falkous,kfalkous24@state.gov
98,Laina,Hatherleigh,lhatherleigh25@infoseek.co.jp
99,Cathy,MacAllan,cmacallan26@xing.com
100,Rodrique,Grigore,rgrigore27@chron.com
101,Miguelita,Tiuit,mtiuit28@goo.gl
102,Major,Billington,mbillington29@opensource.org
103,Charlie,Assard,cassard2a@skyrock.com
104,Corby,Woolston,cwoolston2b@princeton.edu
105,Lena,Schulkins,lschulkins2c@state.tx.us
106,Tallulah,Stickins,tstickins2d@163.com
107,Orland,Gumbrell,ogumbrell2e@opera.com
108,Madeleine,Stapford,mstapford2f@google.ca
109,Dorree,Blanckley,dblanckley2g@netvibes.com
110,Correy,Rockcliff,crockcliff2h@umn.edu
111,Hasty,Musk,hmusk2i@imdb.com
112,Terry,Feather,tfeather2j@alexa.com
113,Simona,Latchmore,slatchmore2k@google.pl
114,Elaine,Spikins,espikins2l@cornell.edu
115,Othelia,Kell,okell2m@vk.com
116,Amber,Amar,aamar2n@tripod.com
117,Sterling,McPartlin,smcpartlin2o@fda.gov
118,Samaria,Danelet,sdanelet2p@cbc.ca
119,Kathye,Walder,kwalder2q@discuz.net
120,Laurena,Rojel,lrojel2r@mapquest.com
121,Tonie,Kopacek,tkopacek2s@aol.com
122,Nissie,Bollen,nbollen2t@oakley.com
123,Margarette,Aleksandrikin,maleksandrikin2u@icq.com
124,Osbourn,Mundwell,omundwell2v@hud.gov
125,Damita,Sparkes,dsparkes2w@dell.com
126,Carine,Mongin,cmongin2x@jimdo.com
127,Verile,Dikelin,vdikelin2y@com.com
128,Corina,Duckerin,cduckerin2z@china.com.cn
129,Friedrick,Blazeby,fblazeby30@marriott.com
130,Umberto,Dowry,udowry31@e-recht24.de
131,Cybil,De la croix,cdelacroix32@samsung.com
132,Barrett,Skains,bskains33@princeton.edu
133,Garrot,Barbary,gbarbary34@apple.com
134,Tulley,Mussington,tmussington35@usgs.gov
135,Yanaton,Pitkeathly,ypitkeathly36@google.nl
136,Winfield,Tomsa,wtomsa37@cargocollective.com
137,Arlette,Chaise,achaise38@prnewswire.com
138,Foster,Wheway,fwheway39@cdc.gov
139,Marius,Darleston,mdarleston3a@uiuc.edu
140,Ediva,Legat,elegat3b@google.fr
141,Juli,Dilliway,jdilliway3c@tinyurl.com
142,Theda,Lowdeane,tlowdeane3d@dion.ne.jp
143,Chauncey,Orgill,corgill3e@economist.com
144,Chen,Dwane,cdwane3f@csmonitor.com
145,Tiebold,Smalley,tsmalley3g@shutterfly.com
146,Bobbi,Gooble,bgooble3h@free.fr
147,Brien,Pellew,bpellew3i@delicious.com
148,Lorain,Killiam,lkilliam3j@slashdot.org
149,Effie,Djorevic,edjorevic3k@nature.com
150,Kassi,Mecozzi,kmecozzi3l@bbc.co.uk
151,Jackqueline,Newnham,jnewnham3m@craigslist.org
152,Timothee,Dedman,tdedman3n@elpais.com
153,Thornie,Mazzei,tmazzei3o@godaddy.com
154,Kettie,Corona,kcorona3p@netlog.com
155,Gussy,Habron,ghabron3q@msn.com
156,Dorolice,Wakeman,dwakeman3r@marketwatch.com
157,Aubine,McFeat,amcfeat3s@wordpress.com
158,Lane,Arnoldi,larnoldi3t@edublogs.org
159,Rudolph,Bortolozzi,rbortolozzi3u@independent.co.uk
160,Raff,Gery,rgery3v@gnu.org
161,Brenden,Nappin,bnappin3w@bravesites.com
162,Parrnell,Darke,pdarke3x@blinklist.com
163,Lily,Harding,lharding3y@shutterfly.com
164,Andriana,Lelande,alelande3z@mysql.com
165,Dina,Nuth,dnuth40@tinypic.com
166,Britni,Vanyukov,bvanyukov41@wikipedia.org
167,Taryn,Chaudhry,tchaudhry42@ocn.ne.jp
168,Ursuline,Kose,ukose43@whitehouse.gov
169,Devlin,Tressler,dtressler44@diigo.com
170,Flossi,Zecchi,fzecchi45@godaddy.com
171,Kellia,Trass,ktrass46@istockphoto.com
172,Janina,Laker,jlaker47@desdev.cn
173,Millie,Elner,melner48@whitehouse.gov
174,Ronda,Orneblow,rorneblow49@guardian.co.uk
175,Britt,Duligal,bduligal4a@google.de
176,Birgitta,Spadeck,bspadeck4b@de.vu
177,Natalee,Enderwick,nenderwick4c@sina.com.cn
178,Louie,Gunstone,lgunstone4d@wunderground.com
179,Darrelle,Tottie,dtottie4e@wikia.com
180,Scarface,Monck,smonck4f@ebay.com
181,Christoph,Anger,canger4g@imgur.com
182,Keefe,Blasetti,kblasetti4h@furl.net
183,Norah,Barribal,nbarribal4i@blogtalkradio.com
184,Ed,Laxtonne,elaxtonne4j@oakley.com
185,Allyn,Biglin,abiglin4k@uol.com.br
186,Spenser,Latch,slatch4l@booking.com
187,Karen,Peachey,kpeachey4m@unc.edu
188,Leonelle,Sadd,lsadd4n@godaddy.com
189,Carly,Cursey,ccursey4o@fema.gov
190,Paule,Petrovsky,ppetrovsky4p@cnet.com
191,Anny,Larwood,alarwood4q@google.com.au
192,Dodie,Gayne,dgayne4r@devhub.com
193,Cilka,Surgener,csurgener4s@seesaa.net
194,Winnie,Pasterfield,wpasterfield4t@noaa.gov
195,Marten,Itzkin,mitzkin4u@berkeley.edu
196,Elise,Osselton,eosselton4v@wordpress.org
197,Terri-jo,Bendson,tbendson4w@nyu.edu
198,Bendick,Phillipp,bphillipp4x@51.la
199,Chilton,Fishlee,cfishlee4y@netscape.com
200,Merell,Maddicks,mmaddicks4z@goodreads.com
201,Stephine,Itzkowicz,sitzkowicz50@ebay.com
202,Roberto,Whiteman,rwhiteman51@psu.edu
203,Charla,Tomaszewski,ctomaszewski52@theglobeandmail.com
204,Moore,Grouvel,mgrouvel53@posterous.com
205,Ivar,Bamforth,ibamforth54@engadget.com
206,Emalia,Adshead,eadshead55@rakuten.co.jp
207,Fanechka,Cowey,fcowey56@omniture.com
208,Clay,Greystoke,cgreystoke57@mail.ru
209,Katerina,Shakesby,kshakesby58@ucoz.ru
210,Christopher,Renhard,crenhard59@vistaprint.com
211,Nikoletta,Cochrane,ncochrane5a@surveymonkey.com
212,Darnall,Leemans,dleemans5b@homestead.com
213,Judi,Ridgewell,jridgewell5c@dot.gov
214,Elliott,Ludman,eludman5d@symantec.com
215,Beltran,Bangham,bbangham5e@shareasale.com
216,Sissy,Wilber,swilber5f@answers.com
217,Maribel,Oldham,moldham5g@illinois.edu
218,Minor,Counihan,mcounihan5h@psu.edu
219,Langston,Strass,lstrass5i@multiply.com
220,Robin,Buttrey,rbuttrey5j@webmd.com
221,Trudey,Huton,thuton5k@4shared.com
222,Dean,Truswell,dtruswell5l@wp.com
223,Francklyn,Bernth,fbernth5m@berkeley.edu
224,Jehanna,MacAscaidh,jmacascaidh5n@dagondesign.com
225,Lynnell,Fidell,lfidell5o@shinystat.com
226,Filberto,Emeney,femeney5p@shop-pro.jp
227,Shurwood,Davidov,sdavidov5q@yahoo.com
228,Jonie,Durbann,jdurbann5r@biblegateway.com
229,Stephie,Minihane,sminihane5s@blogspot.com
230,Catie,Anscombe,canscombe5t@dot.gov
231,Brandea,Ackenhead,backenhead5u@printfriendly.com
232,Siffre,Codrington,scodrington5v@netlog.com
233,Lemar,Addekin,laddekin5w@paginegialle.it
234,Cookie,Tilberry,ctilberry5x@addthis.com
235,Rennie,Pitney,rpitney5y@bloomberg.com
236,Lodovico,Picheford,lpicheford5z@about.com
237,Giffie,Beagan,gbeagan60@usatoday.com
238,Mahmoud,Henken,mhenken61@123-reg.co.uk
239,Pearla,Reschke,preschke62@blogger.com
240,Dulcinea,Ellingford,dellingford63@hibu.com
241,Merilyn,Flecknell,mflecknell64@mapy.cz
242,Danyette,De Simone,ddesimone65@xrea.com
243,Darya,Collacombe,dcollacombe66@uol.com.br
244,Tobias,Munt,tmunt67@godaddy.com
245,Gratia,Stannus,gstannus68@barnesandnoble.com
246,Letisha,Konneke,lkonneke69@ustream.tv
247,Kurtis,Paulet,kpaulet6a@vinaora.com
248,Killian,Nucator,knucator6b@tamu.edu
249,Raimundo,Carrel,rcarrel6c@naver.com
250,Rene,Campey,rcampey6d@nifty.com
251,Eleanor,Ivashev,eivashev6e@studiopress.com
252,Frederic,Playfoot,fplayfoot6f@netlog.com
253,Glad,Petschelt,gpetschelt6g@qq.com
254,Elvera,Frow,efrow6h@hhs.gov
255,Davin,McBain,dmcbain6i@prlog.org
256,Lewie,Chasles,lchasles6j@sogou.com
257,Lezlie,Dalgleish,ldalgleish6k@cam.ac.uk
258,Andy,Birnie,abirnie6l@prnewswire.com
259,Giffer,Rebichon,grebichon6m@csmonitor.com
260,Cristabel,Boatright,cboatright6n@yahoo.com
261,Wilhelm,O'Cosgra,wocosgra6o@symantec.com
262,Julie,Lorenzini,jlorenzini6p@blogger.com
263,Shelly,Fairhurst,sfairhurst6q@discuz.net
264,Martin,Munton,mmunton6r@fema.gov
265,Bron,Hardie,bhardie6s@taobao.com
266,Noreen,Lune,nlune6t@over-blog.com
267,Culley,Izakovitz,cizakovitz6u@cocolog-nifty.com
268,Bernie,Loram,bloram6v@gnu.org
269,Ive,Cuschieri,icuschieri6w@google.pl
270,Yuma,Aulsford,yaulsford6x@lycos.com
271,Judie,Cormode,jcormode6y@sciencedirect.com
272,Vanny,Tille,vtille6z@technorati.com
273,Dianna,Graver,dgraver70@stanford.edu
274,Ahmad,Sheppey,asheppey71@paypal.com
275,Giffie,Markson,gmarkson72@mozilla.com
276,Kalvin,Camocke,kcamocke73@webnode.com
277,Sandy,De Vaux,sdevaux74@nasa.gov
278,Luella,Coats,lcoats75@google.com
279,Concordia,Dibb,cdibb76@4shared.com
280,Georgeta,Telling,gtelling77@narod.ru
281,Boniface,Ambrosch,bambrosch78@surveymonkey.com
282,Katherine,Bradder,kbradder79@miibeian.gov.cn
283,Sibelle,McCann,smccann7a@unblog.fr
284,Delcine,Pembery,dpembery7b@yahoo.com
285,Jodie,Balas,jbalas7c@bbb.org
286,Matthieu,Zecchini,mzecchini7d@nps.gov
287,Padget,Chatwood,pchatwood7e@psu.edu
288,Francene,Davidou,fdavidou7f@booking.com
289,Haskell,Vannuccinii,hvannuccinii7g@nasa.gov
290,Kathye,Discombe,kdiscombe7h@histats.com
291,Miguela,Koppeck,mkoppeck7i@cbc.ca
292,Eunice,O'Hartagan,eohartagan7j@arstechnica.com
293,Reba,Waskett,rwaskett7k@accuweather.com
294,Doralynne,Bastian,dbastian7l@omniture.com
295,Abigale,Wickling,awickling7m@squidoo.com
296,Olivero,Weiss,oweiss7n@mtv.com
297,Seward,Trevor,strevor7o@blogs.com
298,Clemence,Midgley,cmidgley7p@hc360.com
299,Eberto,Stocker,estocker7q@samsung.com
300,Francesco,Rushsorth,frushsorth7r@yolasite.com
301,Hort,Horsewood,hhorsewood7s@example.com
302,Annabal,Mc Carrick,amccarrick7t@51.la
303,Ringo,Aires,raires7u@oracle.com
304,Piotr,Millery,pmillery7v@google.fr
305,Dedie,Mangham,dmangham7w@csmonitor.com
306,Renaud,Revel,rrevel7x@dedecms.com
307,Caitrin,Extall,cextall7y@flickr.com
308,Parry,Tregunnah,ptregunnah7z@cafepress.com
309,Terrill,O'Dyvoy,todyvoy80@ucoz.ru
310,Leland,Ferrucci,lferrucci81@godaddy.com
311,Lira,Awty,lawty82@dot.gov
312,Christine,Wyley,cwyley83@themeforest.net
313,Demott,Skipton,dskipton84@vinaora.com
314,Catriona,Alentyev,calentyev85@telegraph.co.uk
315,Juliette,Sinott,jsinott86@furl.net
316,Dominic,Best,dbest87@comsenz.com
317,Richy,Abbay,rabbay88@wix.com
318,Iosep,Bernardon,ibernardon89@mail.ru
319,Fran,Dyzart,fdyzart8a@nytimes.com
320,Saudra,Fairweather,sfairweather8b@friendfeed.com
321,Dixie,Fealey,dfealey8c@cyberchimps.com
322,Osbourne,Rother,orother8d@gmpg.org
323,Dehlia,Sherrin,dsherrin8e@utexas.edu
324,Vidovik,Longfoot,vlongfoot8f@businessinsider.com
325,Moise,Maffucci,mmaffucci8g@last.fm
326,Ofelia,Cottee,ocottee8h@desdev.cn
327,Matty,Kitteringham,mkitteringham8i@cmu.edu
328,Marlee,McAleese,mmcaleese8j@army.mil
329,Anny,Wellstood,awellstood8k@deviantart.com
330,Magdalen,Heibel,mheibel8l@github.com
331,Olga,Phalip,ophalip8m@webnode.com
332,Alanna,Aleksandrov,aaleksandrov8n@msn.com
333,Agathe,Espinet,aespinet8o@livejournal.com
334,Fredi,Chazette,fchazette8p@nature.com
335,Cal,Jankin,cjankin8q@sina.com.cn
336,Roxanne,Dicke,rdicke8r@wikimedia.org
337,Elga,Bradmore,ebradmore8s@hexun.com
338,Christy,Ionnidis,cionnidis8t@ucoz.com
339,Mikkel,Longcake,mlongcake8u@huffingtonpost.com
340,Helaine,Orrey,horrey8v@boston.com
341,Jermaine,Parram,jparram8w@businessweek.com
342,Elie,Bodechon,ebodechon8x@unc.edu
343,Cindi,Ingleton,cingleton8y@themeforest.net
344,Xena,Sisley,xsisley8z@i2i.jp
345,Gilda,Swalowe,gswalowe90@mashable.com
346,Kendrick,Sakins,ksakins91@dyndns.org
347,Lorry,Konert,lkonert92@webs.com
348,Hamil,Goodright,hgoodright93@liveinternet.ru
349,Gerek,Peyzer,gpeyzer94@webnode.com
350,Darwin,Scneider,dscneider95@tiny.cc
351,Leigha,Sixsmith,lsixsmith96@census.gov
352,Emelina,Fishenden,efishenden97@shutterfly.com
353,Ernest,Winsome,ewinsome98@sourceforge.net
354,Gannie,Hellcat,ghellcat99@google.es
355,Kacey,Sterrie,ksterrie9a@reddit.com
356,Findlay,Ayerst,fayerst9b@nih.gov
357,Cecil,Loker,cloker9c@t-online.de
358,Demetri,Cornick,dcornick9d@elegantthemes.com
359,Leonore,Russi,lrussi9e@umich.edu
360,Gertrud,Mottini,gmottini9f@paypal.com
361,Edouard,Pinilla,epinilla9g@xinhuanet.com
362,Nathaniel,Mattiuzzi,nmattiuzzi9h@cloudflare.com
363,Cori,O'Donohue,codonohue9i@biblegateway.com
364,Taylor,St. John,tstjohn9j@free.fr
365,Paulo,Weatherburn,pweatherburn9k@icq.com
366,Ketty,Curtoys,kcurtoys9l@ebay.com
367,Gustavus,Flintoff,gflintoff9m@barnesandnoble.com
368,Eolanda,Pottell,epottell9n@buzzfeed.com
369,Davie,Suttill,dsuttill9o@biglobe.ne.jp
370,Lorene,Goosey,lgoosey9p@state.tx.us
371,Cassie,Hallihan,challihan9q@newyorker.com
372,Stefanie,Shacklady,sshacklady9r@ucoz.ru
373,Euphemia,Bosma,ebosma9s@friendfeed.com
374,Flory,Stuke,fstuke9t@toplist.cz
375,Bank,Schapero,bschapero9u@psu.edu
376,Verna,Shah,vshah9v@google.com.br
377,Ivar,Heintsch,iheintsch9w@shareasale.com
378,Wade,Bembrick,wbembrick9x@sohu.com
379,Ramsay,Kloska,rkloska9y@census.gov
380,Barbara,Strachan,bstrachan9z@washington.edu
381,Annabel,Bulleyn,abulleyna0@utexas.edu
382,Willard,Gulliman,wgullimana1@oracle.com
383,Fallon,Roark,froarka2@bandcamp.com
384,Marnia,Geistbeck,mgeistbecka3@51.la
385,Mirabel,Fenkel,mfenkela4@opera.com
386,Masha,Illsley,millsleya5@reuters.com
387,Sher,Gammidge,sgammidgea6@state.tx.us
388,Lloyd,Longson,llongsona7@example.com
389,Gage,Gricks,ggricksa8@example.com
390,Judd,Wakelam,jwakelama9@fda.gov
391,Elly,Heckner,eheckneraa@theatlantic.com
392,Minnnie,Geeritz,mgeeritzab@csmonitor.com
393,Morton,Bolesma,mbolesmaac@twitpic.com
394,Allyce,Crinkley,acrinkleyad@paginegialle.it
395,Amalee,Viveash,aviveashae@taobao.com
396,Far,Berzin,fberzinaf@examiner.com
397,Jon,Meldon,jmeldonag@flavors.me
398,Cheslie,Mayhou,cmayhouah@baidu.com
399,Alayne,Bannester,abannesterai@myspace.com
400,Norby,Bristo,nbristoaj@usgs.gov
401,Alla,Benck,abenckak@house.gov
402,Lorita,Mably,lmablyal@huffingtonpost.com
403,Tomkin,Crutch,tcrutcham@zdnet.com
404,Charlena,Thyer,cthyeran@timesonline.co.uk
405,Dickie,Ottewill,dottewillao@oaic.gov.au
406,De,Samber,dsamberap@symantec.com
407,Barris,Godlip,bgodlipaq@pbs.org
408,Celia,Attiwill,cattiwillar@surveymonkey.com
409,Nataline,Tumility,ntumilityas@angelfire.com
410,Aldric,Akred,aakredat@nhs.uk
411,Keslie,Yeldham,kyeldhamau@rambler.ru
412,Jasmin,Rentoul,jrentoulav@businesswire.com
413,Ulick,Enticott,uenticottaw@icio.us
414,Virgie,Esh,veshax@cornell.edu
415,Cullen,Maseres,cmaseresay@amazon.co.uk
416,Charo,Raspel,craspelaz@unesco.org
417,Mathe,Borth,mborthb0@ihg.com
418,Lowe,Taverner,ltavernerb1@java.com
419,Vassili,Colebeck,vcolebeckb2@fc2.com
420,Irene,Kimmince,ikimminceb3@epa.gov
421,Brook,Housiaux,bhousiauxb4@tumblr.com
422,Alie,Daunter,adaunterb5@elegantthemes.com
423,Tait,Emsley,temsleyb6@hostgator.com
424,Juliette,Dickinson,jdickinsonb7@oakley.com
425,Tabbie,Corradeschi,tcorradeschib8@theglobeandmail.com
426,Chester,McGaffey,cmcgaffeyb9@nasa.gov
427,Frants,Ullrich,fullrichba@free.fr
428,Lotty,Storton,lstortonbb@furl.net
429,Boothe,Hiscoe,bhiscoebc@hostgator.com
430,Benjy,Nend,bnendbd@cdbaby.com
431,Darbee,Pooly,dpoolybe@cmu.edu
432,Antoinette,Orht,aorhtbf@cargocollective.com
433,Walton,Maguire,wmaguirebg@hubpages.com
434,Tawsha,Showler,tshowlerbh@baidu.com
435,Rodie,Lamberts,rlambertsbi@ucla.edu
436,Garvey,Cherrison,gcherrisonbj@imgur.com
437,Freeman,Longman,flongmanbk@sfgate.com
438,Queenie,Gobbett,qgobbettbl@fda.gov
439,Florenza,Hardaker,fhardakerbm@flickr.com
440,Guendolen,Corington,gcoringtonbn@nymag.com
441,Amalea,Ryhorovich,aryhorovichbo@bravesites.com
442,Felecia,Sisley,fsisleybp@foxnews.com
443,Charil,Crother,ccrotherbq@last.fm
444,Fifi,Jillions,fjillionsbr@drupal.org
445,Alanson,Pude,apudebs@wordpress.com
446,Bethina,McPake,bmcpakebt@seattletimes.com
447,Mitch,Furmenger,mfurmengerbu@elpais.com
448,Ludvig,McIver,lmciverbv@wiley.com
449,Filippo,Neild,fneildbw@mysql.com
450,Gregorius,Kane,gkanebx@google.cn
451,Rorie,Sarfas,rsarfasby@vk.com
452,Katti,Newcombe,knewcombebz@opera.com
453,Manuel,Kose,mkosec0@ovh.net
454,Shara,Giacobillo,sgiacobilloc1@ezinearticles.com
455,Mauricio,Jaslem,mjaslemc2@merriam-webster.com
456,Kari,Sarvar,ksarvarc3@marriott.com
457,Patton,Engall,pengallc4@irs.gov
458,Sarah,Adamski,sadamskic5@npr.org
459,Margette,Morkham,mmorkhamc6@umn.edu
460,Arly,De Ruggero,aderuggeroc7@china.com.cn
461,Corene,Birchner,cbirchnerc8@example.com
462,Valle,Maberley,vmaberleyc9@yellowbook.com
463,Jonathan,Timothy,jtimothyca@miitbeian.gov.cn
464,Malina,Nickolls,mnickollscb@homestead.com
465,Marylynne,Giroldi,mgiroldicc@soup.io
466,Nichol,Alfwy,nalfwycd@youtu.be
467,Gonzalo,Gomer,ggomerce@goodreads.com
468,Rennie,Donaghie,rdonaghiecf@fotki.com
469,Heath,Levings,hlevingscg@ox.ac.uk
470,Cory,Mouat,cmouatch@apache.org
471,Andeee,Berntsson,aberntssonci@uiuc.edu
472,Maxim,Coweuppe,mcoweuppecj@howstuffworks.com
473,Maryann,Rees,mreesck@alibaba.com
474,Pancho,Seiter,pseitercl@bing.com
475,Barbra,MacKomb,bmackombcm@tamu.edu
476,Sigismundo,Tolcher,stolchercn@nationalgeographic.com
477,Gillie,Down,gdownco@clickbank.net
478,Wyatan,Stebbings,wstebbingscp@behance.net
479,Cozmo,Tremble,ctremblecq@chron.com
480,Nelia,Stanyan,nstanyancr@usnews.com
481,Jabez,Lawey,jlaweycs@economist.com
482,Basil,Loreit,bloreitct@usa.gov
483,Lothario,O'Meara,lomearacu@indiatimes.com
484,Margarita,Frankom,mfrankomcv@instagram.com
485,Rafaela,Dory,rdorycw@taobao.com
486,Lanny,O'Hoolahan,lohoolahancx@bbc.co.uk
487,Jamaal,Woodhouse,jwoodhousecy@stanford.edu
488,Caryl,Perchard,cperchardcz@marriott.com
489,Antonia,Dell 'Orto,adellortod0@businesswire.com
490,Domingo,Crate,dcrated1@irs.gov
491,Star,Martynikhin,smartynikhind2@nytimes.com
492,Brooks,Dilkes,bdilkesd3@mit.edu
493,Onfroi,Bartelet,obarteletd4@jiathis.com
494,Royce,Lindenman,rlindenmand5@discovery.com
495,Donia,Dybell,ddybelld6@mlb.com
496,Blythe,Demer,bdemerd7@xinhuanet.com
497,Valida,Boffey,vboffeyd8@xing.com
498,Penny,Allot,pallotd9@hugedomains.com
499,Vincent,Duran,vduranda@house.gov
500,Aubrey,Hadland,ahadlanddb@aboutads.info
501,Meier,Tamburi,mtamburidc@earthlink.net
502,Niels,Ottey,notteydd@trellian.com
503,Bekki,Elloit,belloitde@upenn.edu
504,Homer,Kitchingman,hkitchingmandf@chronoengine.com
505,Barnett,Carragher,bcarragherdg@vkontakte.ru
506,Bendite,Teffrey,bteffreydh@purevolume.com
507,Tarrance,Standell,tstandelldi@vimeo.com
508,Ivy,Gillopp,igilloppdj@msn.com
509,Ax,Halm,ahalmdk@usa.gov
510,Alyce,Tomisch,atomischdl@uol.com.br
511,Melloney,Fildery,mfilderydm@irs.gov
512,Dorolice,Fullilove,dfullilovedn@auda.org.au
513,Hillary,Despenser,hdespenserdo@ocn.ne.jp
514,Teirtza,Clowney,tclowneydp@wisc.edu
515,Michail,Rootham,mroothamdq@wiley.com
516,Chelsea,Sedwick,csedwickdr@tuttocitta.it
517,Jeremiah,Doley,jdoleyds@issuu.com
518,Lena,Hoyt,lhoytdt@elegantthemes.com
519,Wilow,Bunworth,wbunworthdu@tamu.edu
520,Christy,Dooman,cdoomandv@ucsd.edu
